"categoria","titolo","cover","readTime","autore","contenuto"
"Garden","Comminor debitis apto synagoga adnuo.","https://loremflickr.com/1355/1542?lock=3496717345052288","{""value"":10,""unit"":""minuti""}","Bradford.Parker@hotmail.com","Ventus deleo somniculosus terra torqueo combibo. Accedo accusator sum despecto. Auctor ustulo aptus cado tardus tribuo tracto neque.
Suscipit creo ratione collum audax theologus. Appositus tepidus aequus correptius tracto cumque tego urbs agnosco. Vestrum officiis compello dedico uberrime videlicet ullus alo.
Cur hic tollo pariatur. Artificiose eligendi molestiae peior cognomen esse demulceo necessitatibus curia decretum. Cetera patruus tres."
"Beauty","Copia tamisium quas eius tandem.","https://loremflickr.com/669/2030?lock=6038561633881645","{""value"":3,""unit"":""minuti""}","Abbie62@yahoo.com","Tepidus acceptus carcer certus auctor temeritas. Solus creo suppono vester aqua at ad defungo. Voro vorago valde vesco acidus vetus ars.
Crudelis subseco corrupti adulescens balbus. Solvo calculus caritas tabernus tego spiritus solus pauper laboriosam unde. Assumenda vaco crux adversus stillicidium bonus totidem.
Modi quis ter utrum desino complectus conforto. Caries architecto molestiae consequatur candidus utrum. Mollitia aliqua colo aeternus aliquam calcar."
"Baby","Fuga tero conqueror.","https://loremflickr.com/772/1714?lock=8199586588654358","{""value"":9,""unit"":""minuti""}","Abbie62@yahoo.com","Turba terror coadunatio creber. Amo uter crux capio tempora alioqui sulum tabula consectetur expedita. Fuga sufficio vestrum.
Strenuus inflammatio excepturi articulus deficio talio apud antea. Quibusdam angelus arbustum possimus suffragium suppellex volva decor. Caveo caste stabilis autus quis temporibus ipsam stipes.
Comis talus autem urbanus demo cattus admoveo aegrotatio laudantium coadunatio. Nostrum vomito debilito caute deputo apparatus optio dolore id laudantium. Video tribuo vespillo caries."
"Jewelry","Ceno solvo toties.","https://loremflickr.com/566/2342?lock=5626992519751323","{""value"":8,""unit"":""minuti""}","Abbie62@yahoo.com","Auctor viriliter temporibus vobis perferendis carmen. Ea adulatio dicta vivo. Benevolentia tonsor creta stipes.
Vulnus volo aestivus beneficium averto. Amitto aliquam virga caelestis. Attero spoliatio soluta.
Summopere labore termes atrocitas paulatim succedo. Causa cogo absorbeo vulticulus anser tricesimus tardus verumtamen. Capillus repellat aegrus sulum adeptio."
"Industrial","Artificiose solium bos brevis.","https://picsum.photos/seed/WFsuNVZcfN/2944/151","{""value"":8,""unit"":""minuti""}","Bradford.Parker@hotmail.com","Amiculum cito vado. Harum veritatis trepide. Carbo demo tonsor adeptio aperio."
"Movies","Necessitatibus tyrannus solutio.","https://picsum.photos/seed/VjYVLAL/3903/2964","{""value"":5,""unit"":""minuti""}","Kian43@hotmail.com","Tamquam conduco cometes tersus apostolus tempus conspergo debeo cubo. Dedico culpo capto totus decimus abscido crinis. Aggero exercitationem tollo vox contego atavus.
Acidus ago aspernatur beatus decerno aegre decet. Verbum credo spargo basium utrimque. Temeritas umbra veritas.
Alias ventito aqua. Vir spes minima sublime defessus aetas. Ultio tepesco autus attollo crustulum adimpleo constans defessus cognatus."
"Clothing","Sumptus theca.","https://picsum.photos/seed/wGSaP4xGRk/2605/59","{""value"":8,""unit"":""minuti""}","Macey.Jacobs6@yahoo.com","Arcesso deserunt aegrotatio caste voluptate despecto patrocinor audio. Unde traho sunt stips viduo consequatur demulceo triduana aer. Conturbo solutio vito tres truculenter arma despecto repellat vicissitudo."
"Computers","Creo compono.","https://loremflickr.com/106/1631?lock=525587891458849","{""value"":7,""unit"":""minuti""}","Macey.Jacobs6@yahoo.com","Adipisci ver caveo viriliter. Tergo vigor cattus ambulo omnis patruus decor tabernus. Carcer substantia denego conor adeo viduo defendo accendo suasoria congregatio.
Infit talus tepesco accusamus distinctio speculum. Caterva ducimus catena vehemens. Aut voluptates conduco adduco curvo caste."
"Clothing","Appositus argumentum fuga acervus aetas sint.","https://loremflickr.com/3979/2302?lock=1184385292494598","{""value"":6,""unit"":""minuti""}","Joe6@hotmail.com","Xiphias repudiandae tabella succedo tamquam templum vapulus tyrannus ullus aduro. Aiunt autus terror audacia torrens culpa paulatim carbo apparatus bestia. Corrigo auctor correptius surculus atrox commodi aveho spoliatio."
"Industrial","Corrupti a dolorem vociferor.","https://loremflickr.com/3605/3182?lock=8563095447699650","{""value"":2,""unit"":""minuti""}","Terry56@hotmail.com","Rem corrumpo depraedor fuga viriliter compello autus. Defero nulla amet. Vis cras cohaero solutio speciosus.
Volup aggredior ocer denego depraedor volutabrum adhaero curiositas terreo. Canto comes suspendo. Creber tonsor patruus civis tollo."
"Jewelry","Bestia beatae toties apostolus.","https://loremflickr.com/2999/316?lock=5022777625630671","{""value"":10,""unit"":""minuti""}","Josianne36@gmail.com","Eveniet vacuus claro undique. Audeo virga vereor abutor deficio coruscus minima claudeo. Carus acsi ait turbo valeo pecco tardus.
Curvo circumvenio decimus cultellus aestivus. Avaritia aegre coniecto depraedor bene tamquam peccatus coaegresco totus tabula. Timidus solitudo praesentium conicio.
Atrox argumentum tergum unus. Conscendo ocer subnecto molestiae creber ullam sapiente. Aspernatur crinis cultura triumphus tardus denuo correptius in."
"Games","Adopto decipio.","https://loremflickr.com/507/1103?lock=6246725508673044","{""value"":8,""unit"":""minuti""}","Roma27@gmail.com","Alias sponte circumvenio aufero theatrum defleo cognatus arbor thesis. Sursum ullam valeo certus decretum trans. Tonsor speculum taedium quis censura.
Neque aufero theca dignissimos vespillo. Ater ultio contigo possimus. Defero cupiditas adipisci vobis surculus canis teres tendo sequi culpo.
Avaritia ea atque sumo taedium coniuratio ventus subnecto. Cui vito voro ancilla. Venio sublime credo deleniti subnecto acer ceno pauper."
"Toys","Mollitia tenus reiciendis aetas ut.","https://picsum.photos/seed/adOVOZv/3340/2998","{""value"":10,""unit"":""minuti""}","Bradford.Parker@hotmail.com","Volutabrum crebro decipio arbitro suspendo umquam sequi cauda coniuratio defaeco. Video cubo arcesso debeo coaegresco similique. Animadverto cedo arbustum defungo terebro tutis sopor.
Tabernus derelinquo altus trucido ipsum quidem pectus tero uter thesaurus. Arcesso tricesimus vorago perspiciatis. Curtus conturbo animus.
Verumtamen arbor desidero supplanto. Fugiat vereor bis. Cogito debitis distinctio unus vicinus conicio accusamus molestiae decretum."
"Baby","Autem amitto.","https://picsum.photos/seed/k33Dm/991/316","{""value"":4,""unit"":""minuti""}","Fay2@gmail.com","Fuga auditor damnatio vicissitudo corporis libero charisma. Aperiam talus artificiose. Amita ullus vicissitudo socius coniuratio desparatus usus volutabrum.
Paulatim taceo agnitio ocer aggredior voluptatum cras delectatio aduro. Surculus cimentarius taceo vobis super magni uterque summopere. Adipisci conor ullus ultio."
"Outdoors","Comburo vestrum aureus auditor.","https://picsum.photos/seed/WzpGSw/2961/1239","{""value"":2,""unit"":""minuti""}","Emilia_Osinski7@gmail.com","Auctus contigo convoco cognatus ubi ultra vicinus. Terga adipiscor sortitus decet nulla tabgo illo. Tam conor excepturi repellendus aeternus tergum solus depraedor copiose.
Victus texo convoco nisi sub temeritas conqueror eum. Qui possimus valeo ad ustilo. Thymum summa vehemens temporibus suscipio pauper.
Currus tabula quaerat odio cursim. Consequatur supellex tabernus articulus tantillus. Maxime ipsum vox pecus pel."
"Computers","Cicuta claudeo.","https://loremflickr.com/1149/3383?lock=883713135949546","{""value"":6,""unit"":""minuti""}","Kian43@hotmail.com","Audax neque aurum color tergo. Utor thalassinus repellat degero aliquid eos. Varietas cattus acervus clibanus laudantium distinctio censura antepono."
"Industrial","Tum minima attero corroboro coadunatio.","https://picsum.photos/seed/i29kJtjAc6/2082/269","{""value"":2,""unit"":""minuti""}","Josianne36@gmail.com","Thymum tandem attollo demoror thema sustineo deserunt benigne. Deprecator quia depraedor sodalitas. Acquiro decimus deludo audax.
Unde suspendo vel. Tabgo demulceo cras. Cupiditate strues appono tolero vesica abbas cenaculum similique calamitas aequitas."
"Industrial","Viridis nihil.","https://loremflickr.com/761/465?lock=7878206115112038","{""value"":2,""unit"":""minuti""}","Josianne36@gmail.com","Animus minus amplexus velut vorago. Ocer subseco ventosus nihil illo inflammatio adaugeo tabgo. Tot concido creber cotidie non perferendis suus sordeo ara.
Vix sto advoco amplitudo bardus sordeo. Ducimus corporis advoco sophismata vilitas terebro sit. Termes totidem accommodo defessus aperio neque decerno."
"Automotive","Cuppedia arbor adhuc studio.","https://loremflickr.com/3452/2060?lock=2883414243818984","{""value"":6,""unit"":""minuti""}","Natalia_Rath@yahoo.com","Cunae iure turbo. Cognomen consequatur solitudo carpo coepi vester uterque coma considero curis. Certus cruciamentum confugo.
Abundans deleo paens canonicus succurro. Adduco solium ancilla blanditiis ager copiose et aspernatur atqui. In adicio deinde pariatur odio.
Ustilo traho campana balbus tepidus demulceo deleniti tepidus temptatio. Curvo deserunt aranea urbs quibusdam. Sordeo clamo aegre."
"Books","Uxor aeger sto spero agnosco depereo.","https://picsum.photos/seed/PZdAq3KhcZ/3686/1395","{""value"":2,""unit"":""minuti""}","Macey.Jacobs6@yahoo.com","Caveo cattus verumtamen fuga astrum adopto vorago deorsum. Agnosco approbo aranea aliqua. Arbustum vado beneficium succurro inventore.
Tenetur uberrime terror condico. Cubo canis tolero numquam facere possimus sollicito voluptatibus tendo. Corroboro dens bibo absconditus utique aurum benevolentia ventosus.
Nulla cimentarius eveniet. Odio ustulo utroque voro. Arx verecundia valeo accusantium theca ascisco."
"Books","Traho molestiae denego.","https://picsum.photos/seed/hcui1w2/2766/400","{""value"":5,""unit"":""minuti""}","Maudie91@gmail.com","Tersus pecus tubineus. Utpote id odio thesaurus. Audeo antea defleo."
"Shoes","Quam aliqua.","https://loremflickr.com/1275/3692?lock=4301800229490592","{""value"":3,""unit"":""minuti""}","Chad_Nienow@hotmail.com","Valens ustilo tutamen vetus ventosus vulticulus corrigo uter vesica. Pecco aliqua viriliter absens timidus. Demens tristis correptius cuius corrumpo virga desino culpa apparatus ipsum.
Antea approbo amaritudo pecto quam. Incidunt uxor universe admiratio depulso confido tardus rem. Thymum universe corona speciosus fugiat solus valeo bellicus solitudo."
"Industrial","Demo doloremque vicissitudo alienus alienus vado.","https://loremflickr.com/674/2514?lock=4321148217672538","{""value"":3,""unit"":""minuti""}","Bradford.Parker@hotmail.com","Desparatus cursim bardus modi voluptatibus velut. Cognatus tepesco iure quo voveo. Cavus comparo viridis terror deporto condico causa apostolus.
Ipsa bardus tergiversatio vitiosus textilis delego desino somniculosus cotidie. Careo desidero cubo accedo fugiat adhaero. Pariatur vis bardus."
"Industrial","Vesper carus.","https://loremflickr.com/2083/547?lock=1517526474419265","{""value"":6,""unit"":""minuti""}","Maudie91@gmail.com","Sto pecto colligo aro aeternus tribuo bardus trepide fuga delectus. Tricesimus assentator autus thermae umerus quidem tempus demergo vita supra. Conor crebro apparatus."
"Clothing","Angustus timidus.","https://loremflickr.com/798/1661?lock=1766734768336588","{""value"":10,""unit"":""minuti""}","Chad_Nienow@hotmail.com","Compono tempore caute bardus cotidie nisi clam amplus cupiditas depono. Abutor approbo video vitae antepono nulla averto comparo derelinquo vulpes. Spiritus calculus cumque aggero."
"Industrial","Statim quo.","https://picsum.photos/seed/citiUIRG6/2321/1549","{""value"":6,""unit"":""minuti""}","Kian43@hotmail.com","Excepturi aro suppellex urbs arto. Universe cubicularis assentator nobis deinde cibus vaco laudantium. Aggero defluo decens curso cruentus decerno theologus temperantia."
"Kids","Validus acceptus decipio volaticus conicio tener.","https://picsum.photos/seed/PvCg5/1272/320","{""value"":2,""unit"":""minuti""}","Joe6@hotmail.com","Abutor fuga thermae sodalitas nihil ante rerum. Abeo calcar aduro tendo patruus tabesco crudelis ut. Audacia admitto dapifer vestrum cruentus.
Territo civitas cresco dicta validus ex catena clibanus corpus tumultus. Ducimus bibo triumphus corrigo strues cimentarius. Vel denego depromo."
"Garden","Tactus dens non adicio.","https://picsum.photos/seed/k2rM9T/432/1973","{""value"":7,""unit"":""minuti""}","Macey.Jacobs6@yahoo.com","Adipiscor talus pel stips aqua. Caritas alius calcar solvo sto doloribus attero. Repellat crux atavus vestrum.
Altus ater terminatio substantia validus minima audio culpo aedificium cresco. Amplus sto depono tubineus. Pecco correptius cohibeo creo."
"Home","Adamo delinquo ubi.","https://loremflickr.com/1544/1393?lock=6613888576569985","{""value"":2,""unit"":""minuti""}","Bradford.Parker@hotmail.com","Decretum triduana amor caste molestias. Conscendo certe vulpes acies balbus amet cimentarius administratio nesciunt. Accusator fugiat teneo strues cui derideo terminatio delibero."
"Computers","Vulnus rem vicinus.","https://picsum.photos/seed/fB4VkMux2h/1571/3178","{""value"":7,""unit"":""minuti""}","Gillian22@gmail.com","Libero turpis agnosco aequitas varius aggredior molestias. Verecundia cotidie turba. Harum laboriosam thorax odio coma argumentum.
Abutor tibi possimus. Barba comes suggero demo sursum video inventore tero cado. Unde quo textus optio."
"Beauty","Turba bibo templum ducimus tertius.","https://loremflickr.com/22/612?lock=4046913233203255","{""value"":9,""unit"":""minuti""}","Hershel65@yahoo.com","Abeo amoveo consuasor depromo. Sophismata adimpleo aperio. Tepesco speculum strenuus.
Adversus cur defetiscor depromo auctus. Harum contra consectetur caste demitto cognomen. Clibanus nihil dignissimos bibo ademptio consectetur aggredior."
"Electronics","Terror curiositas tribuo.","https://loremflickr.com/1487/2250?lock=716375084439078","{""value"":4,""unit"":""minuti""}","Josianne36@gmail.com","Stabilis aurum crur videlicet cultellus adaugeo in. Odio degusto unus compello administratio auctor creptio magni. Tactus vilicus substantia ver delibero victoria peccatus caries."
"Toys","Coniuratio civis aufero aptus cubicularis.","https://loremflickr.com/3981/1608?lock=8473812872208872","{""value"":4,""unit"":""minuti""}","Josianne36@gmail.com","Virga decretum adstringo summa. Tot ars tabesco. Curso vulticulus libero."
"Baby","Auctor umbra.","https://picsum.photos/seed/P3VCat/2355/2755","{""value"":8,""unit"":""minuti""}","Gwen5@gmail.com","Molestias acerbitas corrumpo condico tactus textilis. Eligendi coniecto tolero defungo adeptio minus. Alii aro consectetur sortitus sumo tum tondeo."
"Health","Desino decet abstergo suus universe.","https://picsum.photos/seed/WwlB0342/1843/384","{""value"":2,""unit"":""minuti""}","Gwen5@gmail.com","Tersus caecus civis. Vulgus adversus antea totam quasi magni. Cogito canto arx magnam claustrum adulatio capio pecus vorago.
Ut coniecto coerceo adiuvo admiratio volo officiis. Acer cras adversus claudeo. Curatio earum chirographum volo magnam derelinquo depromo xiphias adopto.
Summa deficio studio. Somniculosus defetiscor ante calco traho cunabula crapula. Adstringo accommodo theatrum celo valde ad auctor."
"Beauty","Cubitum apparatus creta patruus.","https://loremflickr.com/1501/3869?lock=5519677972119148","{""value"":8,""unit"":""minuti""}","Abbie62@yahoo.com","Catena cornu cernuus truculenter incidunt talis aggero tunc. Quas administratio vapulus spero tondeo consequuntur. Necessitatibus tempus ex cubitum decipio.
Abscido sortitus acerbitas despecto denego vomica vestrum. Sumo modi adopto appositus hic conservo comedo solvo inflammatio auxilium. Cunae corrumpo centum stipes sufficio cibus verus.
Incidunt dolor contabesco vehemens caecus vehemens approbo vitium sit coruscus. Bene cupiditate ultio administratio dedecor. Maiores tubineus valens utique velut testimonium nulla."
"Tools","Bellicus spoliatio rerum sustineo theologus tenetur.","https://picsum.photos/seed/C8QrBeJbx/909/356","{""value"":6,""unit"":""minuti""}","Kaelyn_Blick55@hotmail.com","Utique careo adsuesco comes stillicidium volva verbera adstringo alias. Ipsum supellex spes curto. Ubi clam sursum rerum vitium subiungo creator agnitio.
Doloribus volva tergeo sequi cito claudeo cupiditas. Eligendi conventus asporto officia. Voluptatem voluptatem studio cunabula universe dolorum laborum.
Molestiae denego carbo antiquus sollers labore. Ocer culpo ciminatio volubilis triduana tabernus tremo. Atrocitas somniculosus verbera conturbo aqua."
"Home","Defendo voluptatibus occaecati curia aeneus bestia.","https://picsum.photos/seed/xAa5rmQa5/3936/2289","{""value"":5,""unit"":""minuti""}","Ofelia18@yahoo.com","Suus asperiores demitto ustulo conor supra suscipit molestiae sufficio. Depromo velut comprehendo collum deinde adfero. Combibo sub aperiam desidero quo arbor ascisco deleo.
Spoliatio supra conduco vomica ager verumtamen spiculum atqui crinis nobis. Cupiditate sollers correptius vulariter. Deripio amissio conitor corporis.
Temeritas bardus caput minus ultra provident cubo. Provident admoneo sequi coepi aequitas animus. Vobis aufero cupiditate usus ipsa certus."
"Books","Mollitia cariosus alias vinco nisi vero.","https://loremflickr.com/3802/3530?lock=8086462497229942","{""value"":5,""unit"":""minuti""}","Ofelia18@yahoo.com","Asperiores victoria carus uredo talis aegrotatio ascisco peior solvo temporibus. Civis uredo nobis astrum crinis thema doloremque coepi. Fuga tandem damnatio ipsum vere theca sursum totus coerceo facere.
Culpo thymum velit ipsa concedo. Viriliter officia adulatio succedo curis adamo. Beatae corrupti tutis utrum apud timidus vespillo ante barba spes.
Summopere conicio adficio. Aperiam cur varietas convoco collum degero deripio eligendi. Testimonium vergo comes voluptates."
"Shoes","Apostolus campana.","https://loremflickr.com/2085/2460?lock=6147162963677105","{""value"":2,""unit"":""minuti""}","Roma27@gmail.com","Balbus velum assumenda combibo terga peccatus vitae voveo ancilla. Vulgaris combibo cibo caute similique amplitudo considero suggero utrimque vulariter. Deserunt vulpes thesaurus speciosus delego trepide amo acquiro.
Calco vigor repellat substantia armarium tabula ultio calco carus caries. Tabula vestigium tamisium alienus curtus corporis taceo magni. Atqui iure sponte temperantia articulus.
Quas cometes nobis aptus facere conventus civis vulnus. Carbo ab dolorem ab theca ex cur. Cedo contra statua vapulus attero victoria varius commodo cotidie varius."